shap_invoice_count,shap_avg_overdue_days,shap_max_overdue_days,shap_num_overdue_invoices,shap_pct_overdue_invoices,shap_avg_invoice_value_usd,shap_total_outstanding_usd,shap_receipt_count,shap_unapplied_credit_abs,shap_has_unapplied_receipt,shap_receipt_to_invoice_ratio,shap_debit_note_count,shap_total_debit_note_usd,shap_credit_note_count,shap_total_sales_value,shap_avg_invoice_value,shap_active_months,shap_recency_days,shap_purchase_frequency,shap_relationship_years,shap_unique_products,shap_unique_categories,shap_category_concentration,shap_behaviour_cluster,customerid
-0.022854327050358045,-0.016458784342262917,0.00218665098592967,0.04643905882094401,0.3737236593164678,0.0043252853960246565,0.015245390691128957,0.0019262138743506333,-0.0008333542529772103,0.0025221335712448476,1.2494341793226872e-05,0.000156409563875721,0.0001097903510573176,-0.0006709113270708132,0.007377812931315225,-0.0010575825105480481,0.00126441928480567,-0.03453786274544057,-0.00023901630746361196,0.007194522910043629,0.010829579514908613,0.021624916501875962,0.017049836090502785,-0.0029138003988798174,10048000003503
0.0025808463084789667,0.16433610394637765,0.1740253803423704,0.07631807582410155,0.19013477929004471,-0.0014211228407748772,0.0033555092281505965,0.005587955139315368,0.0027730332064278013,0.022838810488106986,-0.001179036332757943,0.00013828782736393543,0.00010405445481854808,-0.00045576391056983365,0.00241700686753133,0.01606069531296784,-0.0011012172400934773,-0.015771909859897622,-0.0014124436282837883,0.0005141729354894047,0.002470679902266395,0.008785781177586233,0.0098844246726472,-0.001894901233733077,10474000005455
-0.010367813665066682,0.15890655124434958,0.033180429948396366,0.07551738161628839,0.2952822475063462,0.007635612741911248,0.001716555770755522,-0.001338265473638598,-0.0006641355638634176,0.027049149750289832,-0.001900387467085576,0.00026767747546124857,0.00010054102211556445,-0.0004416923701639209,-0.00260696168630328,0.002392584079433981,-0.001971588405070528,-0.024185505648766,-0.001017731508057538,0.003072584442888328,0.0013881144769206087,0.019142864324507746,0.022642897574332663,-0.0013785749747139181,1083330000215
-0.004663420317947376,0.2461730125734875,0.29029474044217035,0.03268490178514256,-0.019327746343498806,0.0028106615982786067,-0.0037824658147265805,0.0010309748573546175,-0.0007299812842066308,-0.0014745089590289505,0.0014396083317819012,0.00010779535565751435,9.548759456872798e-05,-0.0004674172360866436,0.0007715007652821474,-0.005148271897368947,3.493415467132583e-05,-0.011740659896454715,0.0005662411548691603,-0.002293502247007052,0.005405972275101153,0.01083013091235177,-0.0032364869110680767,0.016374367651277054,10913000004042
-0.009534056022187237,-0.07954873504466195,-0.06371539746072326,-0.047063302347429954,-0.10234876193838473,-0.00045228266698456104,-0.0030206748908593933,-0.0015795073092596521,-0.0007266424112677827,-0.0028223118454822156,-0.00016937366992347851,6.99682629029218e-05,6.678602836241491e-05,-0.0012616109082728335,-0.0011574082967715671,-0.002371937717655233,-0.0007586816275208867,-0.018726367732362425,0.0004900820662522354,0.0009343512578218786,0.0008240574629074766,0.005111163472285345,0.005579551396097171,-0.0037297061789479833,1096990001001
0.039064360358435544,0.12492880555767936,0.15231808834645957,0.061826189257202166,0.1791758951419499,0.00866001387628424,0.012229243025761312,0.0015290429487700614,0.001281674346153879,-0.00042507329990676076,0.0005807965092192907,0.00036105426653754613,0.0004208886630353775,0.00016090150891712166,0.0013022172795473378,-0.0007350334946143558,0.00011641070992015549,0.06291793101476532,0.0003870778216391592,0.003776220878846458,-0.0002752461466976852,-0.004341439639249135,-0.0005846414789544473,0.010550188062596505,11245000000085
0.07330971760967799,0.10470846253396064,0.029796967172657843,0.05539248655902439,0.25853416556469966,0.0018850446144076183,0.0006394250155249704,0.002665236557652881,-0.0005220184590927351,-0.0006577286087197617,0.0024728235842212416,0.0005705104776276119,0.0006047122983240535,-0.00025531367930314337,0.0045511145938229676,-2.650875874863438e-05,-0.0011129488801545386,0.0938230259864224,-0.0024666956415186478,0.004450461944868179,0.00022958967888078157,0.01359429132643666,0.01115184781686246,-0.002249467429600721,11268000005598
0.00680897995908207,0.11972604189056048,0.2479897957755543,0.07147305379881318,-0.01715064108471085,-0.00040172996581992304,0.008374487555471362,0.022293749156177614,0.009349799989797701,0.03190828519861682,0.0006590848245737576,0.0002618044377712681,0.00020194458433948545,0.01602895225665926,-0.003918882106007672,0.0018613121955695392,0.0032077950307159873,-0.009389808752786107,0.006650213891608334,-0.005344673168126889,-0.0012886115872085481,0.0015455181992955007,0.00014154629218861032,-0.015339292684677269,1147440000662
0.05018973779326548,-0.07685311097708505,-0.08144717684184939,-0.07426927209886139,-0.1263966598586814,-0.0009642910469992624,-0.0017950625760916972,-0.0011143325863951512,-0.0014148229700769142,-0.0015138526490193571,-0.0002361382223791874,5.7330341390487164e-05,4.561978138184141e-05,-0.0010654843851192564,0.002270966465139292,0.003154176733005414,-0.0008298897766362698,-0.022578787492102532,-0.0009957626311891358,-0.0021312136896739038,0.0015681877712353735,0.006245888460839364,0.005209472728799773,-0.0027129870616293466,11980000004900
-0.049312815397507925,-0.05078564593899526,-0.04214986696116992,0.010875992173663156,-0.08970118427436323,-0.0023794665260268638,-0.008822614347909758,-0.0001899060677794385,-0.0021728216891718386,-0.0015815448090088099,0.0012109938358070662,0.00011661973947330736,8.504575759951667e-05,-0.0014919836191718244,0.0006599999293209471,0.021868659150008733,0.006280174278302353,-0.04147401402855891,0.003074093210717352,0.002637159573274476,0.000761098732438638,0.0020157859101356326,-0.004216091990178508,0.007710106665606915,12118000005868
0.00018890155419882962,0.13937231311328988,0.15907779564141092,0.06573402870146687,0.18537756523964605,0.005989241615011051,0.008542770702583446,0.0008514397084674533,-4.529633573953116e-05,-0.0004209419375464427,0.00092030592842786,0.00037151302980054004,0.00016047238247963636,0.00015054133507306448,0.0016794341231861764,0.0007154711020897975,-0.0030275437733321554,0.0747536938988573,-0.0006102550890216411,0.0006314895251271776,-0.002625967391371048,-0.0020261790261235538,-0.0018890616598629135,0.01021746948981562,12141000008288
0.04881386839267662,-0.0812966284845134,-0.08164934442988149,-0.07327845933831399,-0.12872928231458633,-0.00019057034499685998,0.0007287980172646567,-0.0012200982595355014,-0.0005030606008924667,-0.0021658368197411504,-0.00026187959473091335,5.760953351034114e-05,5.6657005211906485e-05,-0.0010694253803348829,2.5225543368865232e-05,-0.001324680095070363,0.00121298475742125,-0.022905149012078387,-0.0009082629417909272,0.0029494951186014346,-0.0009691109295427308,0.0061170772178452135,0.005882074173077764,-0.0002827993350344238,12190000002292
0.04152350384168087,0.11615942915433872,0.13619855106040094,0.06032057019469756,0.18428127006938713,0.010454499626787026,0.015570702545668773,0.001168722633500929,-0.00033934506709351955,-0.00016559474213364027,0.0005385457349786392,0.00033572695500641586,0.00039618824657157095,-0.0002497312557838469,-0.0006341704866190447,-0.003023740488110525,0.0013803310072983428,0.06792376840516025,0.0020318254370761553,0.002086040226285444,0.0013584510686269196,0.012929959337777413,0.013181942293912443,-0.0007668153500522847,12301000000759
0.05762322793686659,-0.08833636212729669,-0.08744907594098791,-0.07922172977654644,-0.15143767049973825,-0.0007035517950882365,-0.004498766786467596,-0.001157001223409817,-0.0014554531260494007,-0.0030575529920261043,0.0002369012142734225,-0.0022510504948404617,-0.0005297210095973732,0.03050302599957102,0.0019510519201794794,0.014943721118788746,-0.00024019177890449565,0.07080721619610639,0.0009822076859290353,0.0023546542295676378,0.0048900152005490905,-0.0005960089832507563,-0.0008066661966311049,0.006537983106937225,12301000000784
-0.04955108411723737,-0.06904471359725459,-0.05109584534986501,0.01790713329764098,-0.06639533284963971,0.0010396170364786377,-0.010172077293976721,-0.0028412341770785517,-0.001067652343785016,-0.003000103639800726,-0.0007493123971710116,0.00012957457683190378,9.404501086857003e-05,-0.0015248477454691564,0.002244048904959622,0.0013372410446171297,-0.0019816681691998206,-0.046451559939839154,-0.003365512920197591,0.0013687270853200843,0.0012252825795053515,-0.0035318934270578083,-0.0035043407537250866,0.007187377729676042,1234770000547
7.368339287133633e-05,0.1659479757038162,0.17916797492587372,0.07221087855227654,0.2036829821817722,-0.0026463134955824657,0.004436138173713622,0.0023958380286440155,0.00011390007018283793,0.00027481315817726474,0.0031456204044698734,0.00016014618276814763,0.00011195965705408129,-0.00032790076992185425,0.0028596970471866006,0.014404809441150664,-0.0010236525285093612,-0.014682241125433955,-0.0022630054282996048,0.004668506961877205,0.005839338997921531,0.0005142004631187878,0.00208354962338052,0.01094030225942636,12450000008544
-0.00028035517947058806,0.1779779819891124,0.1815631694482862,0.07809342951803055,0.20110883657185838,-0.0035099760911661924,0.0025607748549047555,0.0022205732737825465,0.0001272587101447234,9.767598813402559e-05,0.002984485219175443,0.00015357162015098763,0.00010506830906326844,-0.0003266262633532063,0.0024182428905094875,0.01448193502891861,-0.0004935223819913156,-0.015075237382852817,0.0024287979215730673,0.00023057173418244701,0.006704097957975193,-0.0027064035298269935,0.0036033716486281366,0.010621480022164998,12641000000163
-0.026819632542420885,-0.028525052105462564,-0.018490140649761025,0.049086002850422875,0.296042444625823,0.0019082958351552648,0.0018508071775300086,0.006970312275689418,-0.004836068429152663,0.011865931683172057,0.03487446015274044,0.0001910990356568616,0.000218932893788184,-0.0006539433153338485,-0.008901371707194008,-0.001314076346787453,0.0016139740707207363,-0.031312003602342466,-0.004197131238419999,-0.014709333178490063,0.005719572456126516,0.014080214707284098,0.0178105936229066,0.0005676945586639673,1292110000847
0.0001238829817944648,0.16596183630426073,0.17843036133046838,0.07278516486105335,0.19087625057792185,0.001093977850196551,0.0011951111197975998,0.009334633148364607,0.0025648368549239945,0.02510765661363913,-0.001276436490562597,0.00034563996969317717,0.00011150010561730998,-0.0002857570201965359,0.00047202158668123835,0.006585103175719481,0.0004274865653860239,-0.015755886995709192,0.002262651096902414,0.0031665283615287753,0.004280945134611885,-0.003678586538167764,0.0024967860996220033,0.008630161851054145,1302110000568
0.001616213130777663,0.18578754775580608,0.18943982916298244,0.0713500351146939,0.20248772283146738,-0.0018667856765935168,0.002622234320471657,0.0022226901943123377,0.0005935921724946783,0.0014331146121117266,0.0005025975640185565,0.00017510783457589616,0.00011452765058668272,-0.0003589728949062543,-0.005871125250487895,-0.0013796450892408774,-0.0015933844044691875,-0.014985999816490465,0.002174029377086964,-0.004879351313762601,0.004717428346377728,-0.003053291095162553,0.002332844360070579,0.01265110013407024,1303770000402
-0.017849372047649976,0.0017063489381028193,0.0025552809553854453,0.051413149731830234,0.3335215189276018,0.0029910558651467596,-2.766847769358122e-05,0.0023739123320131576,-0.0005872257127210365,0.001783739139862597,0.0011472915578175605,0.0005611591953069167,0.0005615521046539167,-0.0006689575425257887,0.003504375568601654,-0.002105825616847028,0.007412290352252383,0.13973418533343107,0.0007861596919188234,0.01691838872581043,0.008796753020157217,0.01256974259405368,0.020736178017137397,0.003921835890954541,13441000000642
0.0422540321477891,0.13919610971366986,0.1769245477627,0.06802810551231649,0.21450908841175567,0.0057653895294980705,0.00893177877680497,0.00077830210409275,-0.0005848797765965504,-0.0004686126752362894,0.0014852926445840585,0.00011344249148012806,7.549385833863184e-05,-0.00038759645413622096,0.0015687923481796017,-0.00015215854796539227,0.0005269359443878038,-0.02022204434985259,-0.0003762773415558804,0.0023317176332704145,0.002987959364365856,0.011761489380502215,0.012557965694433567,-0.0010156722948919826,13591000000252
0.044198504331413604,0.1286265137717543,0.14066011009782753,0.056846180825908824,0.1901288375576889,-0.0018495189139514456,-0.0012250321622408983,0.0018433016699547175,-0.001128246205966457,-0.0004110199929111028,0.0006178232254416656,0.00041675545418838286,0.00018213762469806823,-0.0002881772207190622,0.0029593710826008018,0.01031227954842671,0.0024110594220986452,0.06241256973422567,0.0022592906252804747,0.003124582960084509,-0.0032517363437829508,0.009707131709530536,0.010325844292343457,0.0018773054507058326,13591000000260
0.052476900421388445,-0.0789201357339478,-0.07721579611920741,-0.07380211753217354,-0.1328810364733033,-0.0015622083854495911,-0.0028744620637362927,-0.0007067584482592461,-0.0006182136754509778,-0.0021883501993986104,-3.2276681290821366e-05,5.5282173282101454e-05,5.824327164896988e-05,-0.001093617450479859,0.0011447427559933953,-0.003069953437085165,-0.0006200775699042728,-0.022070089315519733,-0.0010417123004638834,0.001855673257985748,0.00046271296890564414,0.006370466824028092,0.005052217828603665,0.00030976776176842125,13591000000276
-0.014157640782396654,-0.007468543526709172,-0.00019359526976086853,0.07046272441160925,0.29608582496539004,0.004262978009364919,0.00670375720813183,0.0024172663177004293,0.0004955745159660646,0.00203511175307465,0.0032088003518790827,0.0004795796410362639,0.0005485832351558573,-0.0004968020345001754,0.0038857346966725227,0.0025119520855790755,-0.00038716353882893584,0.12645857824862106,0.0027180943198423803,0.006349166446924328,0.004589720992644762,0.027595755598104836,0.022165481630411987,0.009540484824242614,13591000000302
0.05222511038125633,-0.09493227358816649,-0.08777039818280097,-0.0891711517376162,-0.16218793897232536,-0.0009310074295206555,-0.0034118690287731736,-0.000351525007067432,-0.0005067639814789855,-0.0017883229235737155,0.0001437851910784523,0.00019003540116730626,0.00030099356063802255,-0.0009745848378261275,0.002063890848927945,-0.0012826152420444415,0.002271879140670316,0.08631819223562139,0.004606482719995035,0.0023046982815583435,0.004582426706352832,0.005664270633123705,0.005895433375207635,0.0008304543335305441,13591000000304
-0.011685011717883163,0.21106036596613598,0.2539316101110487,0.04152764765564769,-0.02686473870847359,0.0007105153167533781,-0.01186372275479945,0.00034611702532753023,-0.0034970111677831896,-0.0010626036334400685,-0.00023677028434671227,0.00028829609223964616,7.92870593950183e-05,0.022722656010538286,-0.0007925449761667555,0.00916949992801549,0.0002646608205427088,-0.02295525257155952,-0.0012990903041400555,-0.0005039152608042551,-0.003025904444307901,0.0027870887521260685,-0.005042988242874276,-0.008254703078971698,13591000000318
-0.05136749158534329,-0.06019943886628824,-0.05029990604726774,0.010529784448783936,-0.11335444591945246,0.0017793478230975813,0.013241912414718398,-0.0038727084603541436,-0.0015598536510718606,-0.003277548304945987,-0.0015960539175113927,0.0001027837854017253,7.085568861636784e-05,-0.0014400664741496443,-0.0024198636241514137,-6.14041010007409e-05,-0.002479146238188334,-0.04283125422992003,-0.0014388925128222207,0.0030415520694728687,0.004877014004960873,0.008559173568593067,0.014160356896359251,0.003091161777064502,13591000000332
0.07693087976265116,0.1341460155003726,0.04622229213615208,0.055802517072656536,0.23134214148922969,0.002797339626081373,0.009567521434713615,0.0015075955303116878,0.0013483921864659732,0.0010358122752408237,0.0009524162433310936,0.0009867121553593934,0.0004555275592221929,0.0002993816774468437,0.000532846148257144,-0.0022563708468502524,0.0004062102777250005,0.09479353613592002,-0.0017720937512061502,9.879949839962005e-05,0.0009807334638165686,-0.004072679717297417,0.0025349196531249123,0.009448756366809693,13591000000334
-0.040634591748909155,0.18316559587845288,-0.03905214488463251,0.01759303143787874,-0.07533528277593451,0.005838854001757413,-0.010245831336198843,-0.003468572013974943,-0.0012175591780952644,-0.006169908820269455,0.00019661778661990323,0.00014155586435004992,8.537358065079479e-05,-0.0010751541033690575,-0.0026672773110197902,0.0005312434911145883,-0.005950354688722773,-0.05528349713925736,-0.003566937602047315,-0.0012467292770404373,-0.00618999453992507,0.002137753124679115,0.003366518275794288,-0.007863506143966848,13591000000394
-0.027802889661134974,-0.023195270345243074,-0.014881075240314286,0.060938271118074636,0.36203402954901737,0.00029544511589950183,-0.0006150226846382598,0.0012782391905191118,0.001972477053643084,0.0042422300782964635,0.0005362651130782729,0.0003433445148428047,0.0004236961930731783,-0.0007792282973411043,0.0019011736717184562,0.0013929390397461876,-0.003450699236392896,0.029437674255094155,0.0009297562506968791,0.006213270698457927,-0.0001055584552102931,-0.007486794702940383,-0.0062789836289696465,0.005579245621294534,13591000000404
-0.003853573394720879,0.22414055037940814,0.28677750359714516,0.04245723109542846,-0.025355287861196677,0.0001658934317166552,-0.0016404152511848892,0.005422446248788495,0.0026092856998016635,0.0212401481726814,0.0008405223507378128,0.00010215603724818121,8.926705667886798e-05,-0.0005657481539518901,0.001987886764858819,-0.006449621187382712,-0.0014264149925478633,-0.018036999346387656,-0.00507845251908791,-0.0005696652609765796,-0.004180802082602882,0.0017612913324868465,0.014265587862750605,-0.0029469214350899197,13591000000454
-0.043043149968246264,-0.0658760691140494,-0.044935396851909296,0.009003384423447888,-0.09455571790997626,0.0013440287668094733,-0.008487625223238036,-0.003856446275790291,-0.00022936157014644338,-0.006197238144644756,-0.0007705996803836655,0.0001115385033065817,0.00020813152358374856,-0.0014899137067654344,0.0013226270021718864,-0.0015270143293009608,0.011457374195325344,-0.03390706503966024,0.0025202000110558244,0.010916473243861285,-0.0038966244145437487,-0.002772613265617184,-0.009579397511751707,0.004663010547729241,13591000000470
0.0008044879374747406,0.16798255375688767,0.18651745368213873,0.07522818632870858,0.21356658585806912,0.0007372426154322383,0.0008091722908894036,0.001873101983888651,0.0006544919913990562,0.0010232925558808642,0.0037271438992616006,0.000218087942384673,0.00011411992868158183,-0.00034346519944062015,0.004726159895624007,-0.001596256161416521,-0.002104248726839783,-0.01254515362120079,0.0013319284103578,0.00171651178591011,-0.00020518846030936173,-0.0048658830374988865,0.0019173906435819993,0.014468152244735653,13591000000486
-0.005879225655331367,-0.01464397036896939,-0.00751365403390672,0.06786912955295764,0.3517050528156757,-0.0010497459903725428,-0.0037810874650654426,-0.005521680928925126,-0.004854505317950959,0.014859855009250508,-0.0021006021926997685,0.00019578592479996016,0.0001837673595781897,-0.000707489473989703,-0.0008199555424885777,-0.0029435021310391493,-0.004006218756726154,-0.019971760603995505,0.0018160064047347793,-0.013966506410543226,-0.005160668026238079,0.012618631190393538,0.019098991444262154,-0.006563925761713248,13591000000504
0.10085496285303525,0.03289125632276871,0.03667023025110896,0.05665001877145803,0.2788754110355674,0.003224969137801376,0.01143547081886695,0.0010527957174435749,0.0013933207324414647,0.0013748552608297715,0.000618041346371837,0.000576231756553769,0.00045741657370866525,-0.0004487444786873262,0.004663620415798571,0.00017861269390739436,-0.0004186044640420933,0.10265805237193126,0.001297653178418308,0.005821114132715258,0.0004710267851308487,-0.0058249603746179605,-0.0022018675382868167,0.009145158404550636,13591000000535
-0.0012867691563750758,0.2205279686684726,0.22858624153207108,0.0722829139324369,0.03621815974881763,-0.001698604822968599,0.005512716531618188,0.01374312481547387,0.008520267350306449,0.02710610301414041,-0.0003747192098772038,0.00024796314205087613,0.00011098163058799782,-0.0004671671240499558,0.00313712497052681,0.000608618247928943,0.0018381070644497705,-0.01568896222295102,0.003984307478004075,-0.002794335952650683,0.0008372227705265394,0.004420094411976922,0.0012092802507648157,0.008175231473319333,13591000000580
-0.04013945744269663,-0.0665527074764968,-0.022519869431806453,0.014668166987297664,-0.06763454366029749,-0.002554965107874963,-0.009879990285333755,-0.002328001511253473,-0.0008901330646653065,-0.004864443940984533,-0.0015498585629431442,0.00013784890635991796,0.00012625472403971692,-0.00141575051256695,-0.001103389174328377,-0.002293821807334801,0.0029794434121874934,-0.02392238432221154,-0.0012977565567014568,-0.002217044367653731,0.001975371225247878,0.007324934205664461,0.005046083517449446,-0.005374121854257079,13591000000589
-0.0004419519833662399,0.15257072836065635,0.17173266878302548,0.0798755015118667,0.21218756433802727,-0.0015838776196518797,0.005498817864717697,0.0020859935295294498,-0.00044383347543629936,0.0012315081971456764,0.003207211460702747,0.0001983274628999625,0.00011256394993938108,-0.0003366661258396313,0.0012413932409200716,0.017440821116221018,0.0024515916734505006,-0.014510633574012666,0.002146783811083081,0.004252416549637352,0.002989238225250768,0.013311222683176418,-0.0004810990155733146,0.006852910913564403,13591000000648
-0.0010731449492462884,0.17152249223752303,0.1753263416501842,0.08388978462991575,0.21035095267406115,-0.0006651708510898587,0.0010736403505871865,0.0018348407510481776,-0.00011055340329031272,-6.713869340187783e-05,0.003436386739634281,0.00033254802635798014,0.00010691004788017924,-0.0005254506848460947,0.0019141871788866131,-0.008118877530290386,-0.0010177356323907627,-0.021917764239481854,0.002990000236113707,0.004364287710897277,0.0014036904531420586,0.011065535472553043,0.011105223897841198,-0.0031317841946542956,13591000000662
-0.04034590964048421,-0.018704768222194232,0.0039420179637787555,0.020818345055737,-0.08640615179173754,0.001008044641726111,0.005678897789917294,-0.0010675109626354182,-0.004365489352121305,0.027019413786978055,-0.003305815825470766,0.00020524889779599607,8.747425365241783e-05,-0.0013570575067004761,-0.0007297634166675322,0.019897451304208006,0.0065872365349022,-0.03895982937812609,0.0037578389411010798,0.008103691333993829,-0.0016419051556299902,0.0015743922104658153,-0.002703647582966708,0.0033303313317452183,13591000000693
-0.022013731887626134,-0.019026996622650415,-0.015252864574534975,0.03166205600811509,0.38371181383035285,-0.0012397710553720767,-0.006401164435933529,0.003349598777795732,-0.0009151637921101395,0.0028609093562328098,0.0014397007048511084,0.00013632310183047706,9.918826902356696e-05,-0.001193958681834957,0.0061324621288024956,0.020464439172628378,0.005421995056072954,-0.033635778862352535,-0.001547701701421936,0.004389302061878534,0.002763971664716312,0.009756134979878367,-0.004659208875233154,0.006954313921492447,13591000000800
0.04913159877133904,-0.08510118103915332,-0.08567051644218932,-0.08264021444866014,-0.12794563623682262,-0.0008945442144780762,-0.003696595834234991,0.0017093681666867297,-0.0021943110054895567,0.013198202751560579,0.010257983816607613,6.0643157686188355e-05,4.0588409865917124e-05,-0.0010245535919778065,0.0007640870890198622,0.004813792612810386,-0.0003021045318597731,-0.01929595412835819,0.00021763373624017365,-0.0025574787969066693,0.0028221746685864347,0.005996079710399902,0.006293703662348396,-0.003464992976515092,13591000000834
-0.024896053026783393,-0.0023987432934214083,-0.019054650429011655,0.066410473177428,-0.015066637516874015,0.00037552219015217497,-0.001835465819820381,-0.0015212471286428163,-0.0008029271408968756,-0.001680853890438693,0.0012743753604330702,0.00035504183172086135,0.0005922271718329002,-0.0008000428842346396,0.0009949966698994945,-0.0009532927328291563,0.0003693031270162523,0.13602422706877723,-0.004927328182914993,0.002535656462998396,0.0012718819420133051,0.019590716805700233,0.01981393254562006,0.0077514229035436115,13591000000959
0.09067952012539503,0.09332834270772457,0.02948237878719902,0.05463224287833945,0.25958485833285755,0.001872930732675786,0.0030662578378769425,0.002523724525052038,-0.0003749590158175683,-0.0005810294077969695,0.002117592248768069,0.0008369197281698295,0.000723817723390024,-0.0002600455927877948,0.0037748493923988953,-0.0009595125295357815,-0.002135483855425125,0.08511459638176001,0.0001045552586847017,-0.010650773376389028,-0.0002844140272834953,0.01730263930612674,0.01080671466129337,-0.00328318761140883,13591000000981
-0.024724458155990076,0.04328210115009728,-0.0019649500725959354,0.04248877177739633,0.40535293208185286,0.0034128134855758055,0.0044305530073656405,0.0013432848495229751,-0.00028314604689507974,0.001042149734426173,0.0010169622018547028,0.0001336885633354853,0.00012309427500822404,-0.000705181542783478,-0.002124214609476507,-0.0013026428353682291,3.796264899727832e-05,-0.0278140797851374,0.0005317152198262866,0.004473558695653542,0.0016189755260314896,0.01766366895693309,0.023696606123171763,-0.00526001098991553,13591000000987
-0.05364531327129428,-0.06293435582181431,-0.04853919806078447,0.01409872843178371,-0.0746951948360949,0.00834642017943189,-0.005898344539970882,-0.00342545618078278,-0.0014650201692888308,-0.003955999379839099,-0.0011107822118696358,0.00014831144683250658,0.00012698398442905891,-0.0014382767548336802,0.009060704548637695,0.0015692407687341791,0.004083836432969873,-0.051709510301248665,-0.0036547527024602994,0.0002929515544430757,0.0043281320905187975,0.012119342301104449,0.01168444687087715,-0.0022500734539273692,13591000001021
-0.0448864613229458,-0.06419315465986115,-0.05456695761467425,0.019950075775370814,-0.05952985997009852,-0.001446149864291833,-0.011834531329380818,0.0005551625588814117,-0.0005766136006619782,0.02819853107745383,-0.00207644350120833,0.0006668254400323489,8.025501534960663e-05,-0.001476158840473562,0.001375003244691396,0.005006346866385871,-0.0016740934874365032,-0.028335938135273447,-0.003162356568826351,0.003963018155540354,0.002932076204666708,-0.0026685044017060334,-0.004578656128837186,0.0068677869652375165,13591000001043
0.04814968870971334,0.12794274171240622,0.1468013543539073,0.060209400941125646,0.18839942585422997,-0.006211432103969923,-0.00044467917487471157,0.0023433897863114612,-0.0007040120443353974,-0.0002645975718586948,0.0007327042446031515,0.00020827538013008212,0.00043725178350099384,-0.00027569393594489996,0.000686443981562851,-0.00935806199344975,0.0013202777045255875,0.06350586288629181,-0.0014649213838967574,0.0029577240457393716,9.624275598494652e-05,0.008972213032083638,0.01244804119167757,-0.002398438277529744,13591000001161
0.055369851725695994,-0.08412447619312692,-0.0737128879293447,-0.07445681797385725,-0.11619454968833769,-0.0005325889408317755,-0.0029924220147671305,-0.0009230393242494133,-6.010479659321193e-05,-0.0018006899959882915,0.00012607134077823444,5.202646187383946e-05,6.827225614425484e-05,-0.001094366862691284,0.0004370043220383986,-0.0017431638723812482,-0.0006845581893885785,-0.02146316141255957,-0.0011020551484706923,-0.0031749897055268084,-0.0001804096517443267,-0.0038236882474870174,-0.0018808422150135523,0.0029807879337631258,13591000001229
0.11880074687165362,0.017243291901307176,0.027931070387138834,0.061240507513792286,0.28885987561323434,0.0023105613218943025,0.00045623363230191293,0.003002076614628573,-0.00024365413997469,0.0010093884441500984,0.001686987881730053,0.0005259892285105152,0.000703109666220796,-0.0004598942230525003,0.0037842906797935848,-0.0009545490304842881,0.0030884380184691253,0.09492165672912209,0.0009891226376067242,0.0059766649432605535,0.00442755361196289,0.01667693346880246,0.01734237426239283,-0.0013406852676384744,13591000001231
0.0471889622407994,-0.07975830626329786,-0.09421673143274145,-0.08256887501918342,-0.12978033645264217,-0.0012714486282906308,0.00655659276078763,0.0011407512705142687,0.0033949312463760883,0.012422773849870483,0.009853298822336373,8.586492103908309e-05,5.80620766715863e-05,-0.0010540235466722718,0.0009402928049490019,-0.0023164716907558116,-0.0009703943185968458,-0.02403466594852524,8.72522430635234e-06,0.0012154089228079636,-0.000944049259112249,0.006380332581543144,0.00568435759724973,-0.002497278452927629,13591000001277
-0.0477636652113128,-0.06396225928895428,-0.05358199563824427,0.01119494168716891,-0.06420521859106652,-0.004286257249940602,-0.011547366145601208,-0.0035563396135097403,0.0004308804593905695,-0.003703128583090929,-0.0002548424497078037,0.00014112762159208933,5.2415714596512726e-05,-0.0014229080358714923,-0.0006594035631862789,-0.006218243553596408,-0.0003326953156702067,-0.04297590736589795,-0.0064649517408675305,-0.007401220329930353,-0.004058589813165901,0.006076449695956255,0.00015201902318437557,0.00593636016565977,13591000001307
-0.006124415390166826,0.18733526562989142,0.22352226677074055,0.07725334304496453,0.016743352805349627,-0.007829841936386826,0.008138331487464456,0.001667088908377705,0.006551444374990759,0.019301956426933924,-0.002367269777898852,-0.004782098266352136,0.00015831413043585182,0.019498703125813754,0.0068781073313420715,-0.003652140242466638,-0.002085637937281648,0.009547061481812691,0.002126013179540424,0.002987554987809729,0.00021668535222926143,0.0038555289114930876,0.01037510199757375,-0.003558847851610018,13591000001355
0.004183161289270989,0.1803752341965479,0.18397619583240749,0.07666117389657132,0.1868798284224377,0.002312891335028352,0.0026820705021159347,0.00017325361132918191,-0.0002035217141460492,0.023331360243764195,-0.001663328360680117,0.00018668535943638616,0.00011255419271391697,-0.00023738654711970015,0.0017635091683846787,-0.002555494952122567,0.006078644290401823,-0.016291218893839145,0.00012948571716166538,-0.004696914831114104,0.001349360678355975,0.0029175855292358607,0.0007481919488670476,0.0075425476295916255,13591000001400
-0.044738083734566156,-0.045866121675527886,-0.03808707951256218,0.010313705153882477,-0.09086335039515446,0.002680053021967212,-0.0026794925344054334,-0.0033592261334935746,-0.0014952138166221902,-0.006828255921760327,-0.0016543893976202276,0.00021181280873023607,0.00019182790197173346,-0.001830221913058118,0.006784433472512125,-0.0035005786221628935,0.0050069997394437925,-0.03859060187461498,0.003396491673088612,0.006030000757094907,-0.0009403829972732054,0.010819033765895483,0.008988820997633639,0.0034323544478689696,13591000001440
0.03806528566825154,0.12407193919260126,0.1546095073009857,0.06223472040599076,0.17936806309661846,0.005572346017511261,0.010679797723218998,0.0012603755209772097,0.0012624571230380052,-0.00033349354609999294,0.0007037323189320162,0.0003967288176289818,0.00042102943359206005,-0.00016181768853881803,0.002370744888456602,0.0001217252861483907,0.000960148156522043,0.0639002250755291,0.0002916891314132337,0.0037835841381915615,0.000673694897262716,-0.005127364063595233,-0.00043054130722070775,0.010530987926882772,13591000001468
0.05083525705279291,-0.08367374458480038,-0.07601910841923894,-0.07583313815217539,-0.13260563907693987,-0.0007954088604969832,-0.0024227924333411373,-0.0010475791510051401,-0.0004530450584192169,-0.001778317922531349,-0.0007188644820445013,5.7997186877409943e-05,6.663362031066065e-05,-0.0010775174186943486,0.0005879793011305569,-0.002304783667848061,0.0025886750970916146,-0.022779273467772525,0.003108019955990073,0.0020027461857220993,0.000443023038636576,0.005280029427256694,0.006294601171766754,-0.0006665474643334125,13591000001486
-8.672687638065736e-05,0.16737754907935698,0.15536996787555613,0.07006841633528042,0.18343286758518218,0.0033036269891740335,0.000484748807838056,0.002118763867684585,0.001046660155140442,0.0012420777213448565,0.002409072447843942,0.0003258335738077122,0.0004602600422847629,-0.00025852031928421,0.008392868472442706,6.368273358825994e-05,-0.0031253916460548797,0.05515907787087171,-0.0004260885754506267,-0.00297591558669578,-0.00046132977713215687,-0.0048576914890322235,0.0022660386929074035,0.01025935389766044,13591000001592
-0.006172987630566773,0.23380957609333752,0.26200964779935804,0.06137355914270662,0.004492826162970613,-0.0012740181559073548,-0.001263656227360121,0.001098651161278874,-0.00027008971793847375,-0.005164171553387576,0.003302462583228588,0.0001623028500328303,8.922901414630064e-05,-0.0005423776933917226,0.0028108098844055918,-0.0010798021924684424,0.0020527873151197375,-0.02359509456640727,0.0024240330219762445,-0.0014873095082103707,-0.0015726713710107452,0.010371474120707479,-0.00030007497025812905,0.02031409631557268,13591000001750
0.03824232369593751,0.14291769801386356,0.1604306657929615,0.059433744143259366,0.20225375499126189,0.0011115264199206482,-0.00011791253838481921,0.009467398699616464,0.0012322346555598603,0.020423629718302694,0.009289020550671073,0.0004087123332984253,7.143903953325244e-05,-0.00025650988332505235,0.0009534395845227671,0.01508631668340368,0.00018747835624623337,-0.015670016166894406,0.0024631469406382633,0.005554337056094023,0.0015493797108208122,-0.001279620555160566,0.0033324741311438035,0.005337873837976243,13591000001816
0.06897452110397372,0.11266521201768492,0.03127778387390691,0.056710517611123064,0.24508511714117384,-0.006750794902048853,-0.0013203438196626826,0.002023509815534844,-0.0003983027383089229,-0.001366890934349717,0.0016609695282869684,0.0006537897623086881,0.0005901397029865593,0.012640524904173635,0.0013852080520686447,-0.0036549524980893657,0.0037220130288673713,0.0834371610739139,0.0010353915363148258,0.002304185331857508,-5.514913877287883e-05,0.01183058903649981,0.014080627677059846,-0.004774958621901883,13591000001898
-0.00851882882510539,0.1492157437311522,0.16640901180751455,0.05581321416077386,0.1932839163697527,-0.012025161965681763,-0.004512769937796827,0.0009774930890239818,-0.0007233070373261946,-0.0009452967670887402,0.0005878981574786044,0.0007077223644768563,0.00046174488215660014,-0.00013270366183378447,0.0036208631649232163,-0.0017610070836363207,-0.00014351095429014562,0.061274335462899565,0.0010837595089244632,0.00171496297677044,0.0008934468406187552,0.008289741793053003,0.01299698586036302,-0.006145718725855009,13591000001972
0.0009761938077652256,0.1506503010842822,0.15660290146836472,0.06660606043746557,0.1832033179698933,0.0024669569708287314,-0.0006305563666074026,0.0005013557870088054,-0.00235185332629571,0.017420679984076533,-0.0013109974308235458,0.0008822847444916386,0.0004636417064392197,-0.00021990305456380174,0.001903712544381245,-3.352416499611661e-05,0.0004173221234885625,0.06969761895254613,0.0006206767627611587,0.001756122351238872,-0.0005676585470651814,-0.0024811474381694347,0.002394781294026908,0.011787580884063356,13591000002012
0.0031254611639011604,0.16699573615441024,0.3239567648090092,0.04967121829880326,-0.026684059019431224,0.0016484789068040757,-0.002059293943373309,-0.0008221461090735995,-0.0014691639079328516,-0.0019594656060201937,0.0005711174947602326,0.0001175107364676059,0.0002158863521647439,-0.000580581022007315,0.002898498965115162,-0.0004968800500271031,-0.003773440807975283,-0.01609469621650443,0.0019028603762798238,0.0016441210393111614,0.002261387401820522,-0.006127673082270913,0.0016157274734257153,0.018865165803610633,13591000002018
-0.044734106150027625,-0.0751867331331788,-0.046704044641613776,0.00681896221922536,-0.08757154768223803,0.004045605056584734,-0.010495222958830345,-0.0030929422445768982,0.0005659027662666818,-0.002849097640346933,-0.0007140303410907371,8.343416819572653e-05,7.79233026672354e-05,-0.0015549899395446776,0.0006057176443066482,-0.003430958047379446,0.001129027282835744,-0.026017721495257735,-0.0029411902090272332,-0.002689997212133528,-0.002213127979561221,-0.005442247238991963,-0.006005411144680131,0.005739330829664478,13591000002104
-0.009628485135764014,-0.07704723443590297,-0.07150698363523068,-0.05258063487035326,-0.11022231635605864,0.0007174720091572143,-0.00017286244124446994,-0.002265264040018968,-0.0014303224414499028,-0.0031810397505895012,-1.6196388295922317e-05,0.00014022975305191275,3.861962218474786e-05,-0.0016460126874324073,0.0012979301305751667,0.019641210627287624,-0.0009201929118236613,-0.017168273214407854,0.00032135822853417265,0.0024212906190133436,0.001464956010988848,-0.0028564959192487506,-0.0016863216821500367,0.005374770787112325,13591000002108
-0.03604336132355847,-0.07350652899191845,-0.0580098515247128,0.04162674849548022,-0.0887043529916463,0.0012604185958529901,0.012726992936296967,0.0005210392908824742,-0.001448811471273452,0.027349278849932226,-0.0012154983060984976,-0.0012722286315060352,-0.0036435540570909216,-0.0013693456511776679,0.0016451068220783651,0.03218739442702342,-0.0006407303211507342,-0.03322361045392912,-0.0004772622681353166,0.008401893482126973,0.0097690637372412,-0.003425407556338914,-0.001898991490872937,0.011147466947095544,13591000002128
0.04947897785020136,0.13919825999237695,0.16755097806392405,0.06194912032728327,0.20846431346064012,0.01482748938897796,0.016896308384321677,0.0005184744285505989,-0.000522836178715143,-0.0008427188729935704,0.001352610281961229,0.00010280708167304862,7.619539343335894e-05,-0.00037424559007385154,-0.00010219774570619249,-0.00023761169385329935,0.000559353771780487,-0.020485872709075818,-0.0008673534405270854,-0.008938772262414227,-0.002684133857979093,0.007450819079876675,0.010788720324088936,-0.005069483599817168,13591000002174
-0.013280737602143523,0.1868878608568593,0.2601039152708711,0.03919205948802316,-0.03627259615268616,-0.0006975441232098162,-0.012968788260301336,-0.00013677178644217865,-0.003661291560881081,-0.0016694207735672409,-0.0003536683367869262,0.00012322663812706298,8.093222987445202e-05,-0.0006868615308552293,-0.002066152813495438,0.013067724985278572,0.001015386835571906,-0.027186711000235123,-0.001960777098167969,-0.0010395067221633792,-0.002757212578208621,0.0008839345335582408,-0.005126840904362178,-0.009186672002437658,13591000002194
-0.052749098889245505,-0.05604624093930895,-0.05033780596230732,0.009231344570387863,-0.10076549870607966,-0.0017954002133565526,-0.010358688485290415,-0.004073683825486769,-0.0007449914358796109,-0.0032225463340558366,-0.0015363894033353497,0.0001552550950062243,0.00013304860072088995,-0.0014597182493899241,-0.0020801549677421857,-0.002610127827590153,0.0008346900021005501,-0.036121528648868785,-0.004586245822061317,-0.00681306183902946,0.001064385880631673,0.008525230285816927,0.012176784816455262,-0.0011711223746799257,13591000002196
0.03918984424308282,0.1296044726750517,0.15215338777561593,0.057930384739777394,0.19883402855303914,0.0005432983599013111,0.003300182172897126,0.009508731223877102,0.0013499486740792088,0.017785535576719875,0.00977791650441734,0.0003168616396636888,5.997470968863869e-05,0.01251750112385602,0.00472906202977368,0.0153470923165464,0.0010642911923508715,-0.01379690260008486,0.0017203691629508074,0.006249849862321581,0.0014964105279062728,0.006136382521067095,-0.0010743908978931742,0.006011636457994701,13591000002230
-0.00199050379985836,0.14783978429810385,0.1579148002275351,0.07648676098962084,0.18918196442245833,0.001878544905971138,0.0019973290803420667,0.0019792288681295647,-0.000273165769254201,-0.0004780112342162953,0.0011823078237036583,0.00036322010962114445,0.0004472931308454139,-0.0003088726379471992,-0.0016774020042443986,-0.008670531378068589,-0.0004612047071719485,0.06553286230773359,-0.0008090513493122866,0.002011022682938944,0.0005701568743393705,0.01155747465756989,0.011603313021766495,-0.0037881186426716906,13591000002272
-0.030039335560017814,-0.011796214686609529,0.007604620673374144,0.04328148760099649,0.36761051840467635,0.009621119174383484,0.023596045145465167,0.00010873027502267075,-0.0010356508502406025,0.0028061606446638646,-4.030225131880893e-05,0.00013121893453806464,9.354188157569973e-05,-0.000806056855314232,0.0017812037214037589,-0.004220306024411888,-0.00134122009121233,-0.024579981752859022,0.0008572860676807096,0.00791255340681722,0.00106717238405516,0.02080932393931799,0.015427251693622144,-0.00475996399767444,13591000002282
-0.0016023697669521266,0.1909336671462607,0.23258588242503936,0.05895789574403996,-0.04447218055493585,-0.014086992624910838,-0.001914160666555225,-7.34651787945166e-05,-0.002043810869278253,-0.004178822613563541,0.0008650446028656367,-0.0005390703922169914,0.00010017481185310114,-0.0005397961660230875,-0.0022850756689430716,0.004621380935166903,-0.0018547617150770945,0.037062030173129826,-0.001742241513211421,0.0034235866471595774,-0.0002155571360099011,0.011626083711350245,0.013937156890610099,-0.0038087296764026594,13591000002350
0.0016557795112843937,0.23815847146791985,0.3029068062304443,0.050443328454324005,-0.017700753002443108,-0.008556571368650012,0.004336932127440577,1.3034205987788408e-05,-0.0011449978846077612,-0.001878010856171357,0.0012712365855565208,0.0001998933432683253,8.538139679572772e-05,-0.000425928370721812,0.0036506622907533336,0.0030462447950229,-0.00012535309710531286,-0.010261517969300788,0.004789183511133547,0.0020647066545477957,0.0027829664134197117,-0.00030866430130170174,0.0015109738526392627,0.017242064554364184,13591000002368
-0.0008011249161254529,0.12456870605351122,0.03680882345607918,0.08139164482562156,0.2883246982365425,0.0012269754084525966,0.0031027880783818795,0.003685239741078225,0.0033510798672792223,0.0002587762598287638,0.004544944787517294,0.0001628621728012346,0.0001237516308630767,0.00010022708549017798,0.005822690262427944,0.032924527030051956,0.014055624831239982,-0.021272537456805782,0.00884138149950655,0.011909915707183825,0.0026781529278654646,0.024895183444461497,-0.0005227690270630649,0.012074306638410805,13591000002384
0.05529316553675232,-0.07910350355642852,-0.08333547631168554,-0.08213333274560804,-0.13468794481650234,7.281476933942294e-05,-0.0005466588759397434,-0.0016552979583852514,-0.0005273849056381627,-0.001364592364695057,-5.0591031653043634e-05,9.531676644878446e-05,4.442238296180029e-05,-0.0010691035600906389,0.0012458596675991931,0.016891599718508964,-0.00029802598226570567,-0.018207309723629772,0.00439832602620504,0.0037804565267659015,0.004384493436699675,-0.0002773173670132617,-0.0002071760281099209,0.0038464622742980905,13591000002400
0.052080055444489994,-0.08201817028249093,-0.0798876815033829,-0.07394274047210851,-0.11693678982708013,-0.00014404362552685894,-0.0001856272041186083,-0.0014427828288841305,-0.00023357720276764347,-0.0024969872708733333,-0.00013547902068332239,7.3244562555054e-05,5.631994599683838e-05,-0.0010788619056146815,5.114001032765461e-05,-0.0015489971878965701,-0.00024146086478514826,-0.020013556554954428,-0.001207990343398087,0.0017181734641341347,-0.0018508897052680327,-0.0039724930570889435,-0.0013198346448615825,0.003768231952214516,13591000002416
0.0002124482618432017,0.14140658470310474,0.14755676355172898,0.06918634262409014,0.1848735921458679,0.0024777556198486445,-0.0005660611328101703,0.0015921165434136428,0.005738173124935343,0.016086987521700697,-0.001195712841610608,0.00036525625896647674,0.0004423055876399059,-0.00026788291663011,5.4572022122165636e-05,-0.011614872931401095,5.7364392227139814e-05,0.06594931165020725,0.0007789622495351907,0.0011603072841095395,0.00027191717684610427,0.01383554124271733,0.013622823186685694,-0.0029353934472037507,13591000002508
0.001000507926368447,0.14478853218067197,0.17433960412140095,0.07010191706080446,0.18384444660201987,-0.0033041413466791654,0.005531983175089449,0.010795946067282056,0.006050296216908184,0.020323596551087984,-0.0021844156622212872,-0.0013719835293723713,-0.001923262430987375,0.013454274058276997,0.0029803108024278003,0.01684780091710129,0.003773314623454028,-0.012315277597291709,0.0013098699712047743,0.004721723917996478,0.0018365045733920806,0.012326858927928045,-0.0009698905257319562,0.007130685276803314,13591000002538
-0.0016232763104804587,0.2564359446937845,0.27533937094335553,0.05938641006871321,-0.01477438337870712,0.002985217406086581,0.0004955193733751385,0.0007703891349172841,0.00031336431274741586,-0.002876492344779227,0.003290526147922621,0.00010415695632634514,9.863520707589112e-05,-0.00045214983120560787,0.0036500487739891466,0.0030620461725611543,0.0016030601703716362,-0.015799392970632615,0.001963989623078861,-0.000410011781304105,0.004322685409788369,0.010024783522537132,-0.001594943297691965,0.017773703876104253,13591000002560
-0.005422878163228072,0.16582358194018632,0.02144381744600479,0.056193957919062607,0.28472181365860877,0.005571118083722451,0.005212592737606502,0.0022026600819414362,0.0013576453142287099,0.0007218656597411811,0.0007484901104465371,0.0005724225783539859,0.0004402781879750599,0.0004623497453481015,0.004363953730959579,0.0008235477762887245,-0.00017972866461596202,0.0814153916142933,-0.0003852501550146524,0.002405592098840672,-0.002065359568842908,-0.00023972878393095962,0.005477629770766083,0.012423438759192051,13591000002682
-0.057039627486586586,-0.05180443354392703,-0.0564525029529065,0.012410659475316329,-0.10102666784139719,0.005249198925714304,0.004823838512070474,-0.005847731340184089,-0.000529510057334196,-0.005277766829076138,-0.0016148844061122816,0.0002138026927134567,0.00010684157103527399,-0.001932677100974334,-0.002565279206033124,0.009680415859629525,0.0012640576602345238,-0.03224337561593075,-0.001366655660070716,0.005042329095956092,0.0029500289117524534,0.009241959869279257,0.010468762309218546,-0.0021615809644531564,13591000002756
-0.002091391371099021,0.14379657645150243,0.16497607167833134,0.06710734636866415,0.18845717509771767,0.008172292312152213,0.005323147821130165,0.001051606460440295,0.001337999593799638,-0.00036948352548373485,0.0009826094270001715,0.00040216533783070645,0.00042236985328458814,-0.0002048213147869319,0.002965856416903185,0.0012967922013226198,0.00016128713733619925,0.0731820396228957,0.00011017508241944214,0.0028087712658815323,0.00018473029973463815,-0.004306051429281316,0.0016726496845063563,0.011649287405732638,13591000002774
0.0012951305128033382,0.1586323625440692,0.18698377161023555,0.07593893544047856,0.18464118785071124,-0.0003998223927652542,0.0075426223180534895,0.007162161040182396,0.006763838206185425,0.021906689158379837,-0.001561954392227086,-0.005541819026287818,-0.002005441595747225,0.01387358929182081,-0.0003690583048447183,-0.009639018719076223,0.0007466234947475788,-0.009812416876322989,0.0014086142477290262,0.0023059514040919015,0.0004954086349576798,-0.003993031455996316,0.0018892497953979601,0.007492295758024604,13591000002920
0.054443452017421366,-0.0875109201193634,-0.0821006118739757,-0.08191663226403983,-0.13913308563583945,-0.002978867250606279,-0.006021247754353808,-0.002115800386638557,-0.0014977271530456858,-0.00312456703441066,-3.936938632359217e-05,0.0002843715044018834,0.0001861832258361674,-0.0009760122920009158,0.0002123523007355845,0.0004429730696530432,-0.0005348976405614089,0.027239063446231046,0.0045309049159981355,0.002080117707249117,0.0011454947726586943,-0.004149321854831324,-0.0004727785767894249,0.00609612814052903,13591000002922
0.053749375117171316,-0.08197185528681955,-0.07900677465441386,-0.08240556674600624,-0.13705851810037245,0.00030541191347551784,-0.004154863012066612,-0.001471191971503423,-0.001553927781788595,-0.0016503292863305908,-0.0006997034158354132,6.310218292322314e-05,5.061904732671128e-05,-0.0010769111271074381,0.0014346610918200679,0.013256430848782533,-0.0006266047563654089,-0.02068908118298789,0.004201182448557098,-0.0008739134356959626,0.001808429137338688,0.005647103365751347,0.005665568707815897,-0.0038534412257348744,1384110000013
-0.009906385493144064,0.21241680603254337,0.2992980111172559,0.031581847516651926,-0.032564713090892275,-0.003920841664121576,0.006921130503500922,-0.00028575210218856903,-0.001987604746146963,-0.0037520344842444826,0.0011482763482346026,-0.0009494193594869259,-9.691539722914753e-05,-0.00020822942226245936,0.005112122746172937,0.007567035334035244,0.0003456242774702461,-0.00618819478756287,-0.005350893759983663,0.0025274193854821726,-0.0008554597876970427,0.004732400788128992,0.016100867288316,-0.0026197048887077364,13981000004981
-0.0388945300201336,-0.07421599175163089,-0.05850683188243164,0.012139110886939431,-0.0736019433120711,-0.001203939833031885,-0.011920022283713944,-0.0024574194326553583,-0.0018563716029015322,0.018770476151244008,-0.0020217843794074005,0.00014076313873366862,8.129223479516522e-05,-0.0014958338603512766,-0.0003429057230124767,-0.005353915031933901,-0.0014207032355489908,-0.0314746822470082,-0.002560299768783818,0.0015647488875558553,-0.0029821532030472058,-0.005094450596026418,-0.007142720342772554,0.003605975751794871,13997000008208
-0.0035591361853577427,0.13475884361228255,0.149073249320217,0.06621643613232119,0.18105775668339702,0.0064945125600516865,0.005579175975389629,0.007718877844330157,-0.00032857935207893487,0.01530180111680062,-0.00034956169138715214,0.0002854078929559843,0.00042556262989599977,-0.00025771486370679194,0.005006090983727062,0.0012436802238658623,0.00039682221317538963,0.06428285972687907,0.0002480219483573387,-0.002858059933663643,0.002842438417757531,0.010648957410979645,0.01241437267495911,-0.005052613463214204,13997000008222
-0.0033450702877765273,0.14395063734632146,0.15809376941925887,0.06599772873050347,0.18998186797884156,0.003758629922160804,-0.001431522412381176,0.0009796248411970002,0.0005775367205582317,-7.974702636807364e-05,0.0006222560748842033,0.00038543983008525347,0.00044296413842558226,0.00015438211246630472,0.0012023872423534735,-0.0011057317806514272,-0.0007331513010135735,0.0727247026156564,0.003949174868365621,0.0010575698626806166,0.0028044870196525687,-0.004132303290657102,0.0019468185483108812,0.011286750705060097,14322000003939
0.0491497423517384,-0.08533501349021488,-0.09359521575181531,-0.09005720415734984,-0.158233699954485,0.0036187828385522117,-0.0016564779250134096,0.005805210653791006,0.0027425669161997572,0.012808310962952416,0.006689922756132353,-0.0006160940759014311,0.00016348412376563913,-0.000906411066362371,0.003069080914445958,0.013823021201822609,0.0003518727306931136,0.07492398765841668,-0.002801203314546905,0.0017707374480372203,0.004662129604819287,-0.0037550232616404265,-0.0005421594752378233,0.005645217825498631,1440110000786
0.061868402013187225,0.10805725538064198,0.041451721125865516,0.05954896535189124,0.23533736709967978,0.005469906471740553,0.015574516483743694,0.0009500262050380663,-0.00020485484617986606,-0.0005572423176915677,0.0011896334570715439,0.0005649976618558841,0.0004214592141267126,-0.0002393123529621825,0.0012910243761836341,0.0002824113382743299,0.0031006596813129847,0.08824149505806608,0.0043223763187636155,0.002463370136793475,0.0035743359144939394,0.01482221366839816,0.013760788246925743,0.00029768619071373335,14422000008588
0.07457920204037856,0.13423535583981927,0.025391843153964033,0.05637530711536945,0.24955249096133633,-0.000768346301192055,-0.007331881647962546,-0.0022587845947918523,0.0024477176813617247,0.02338022659090873,0.0057984325540607,0.0003797152999238055,7.876511429061513e-05,0.00014423812071485246,0.001496859095807382,0.019022786726340887,-0.0007303604689450135,-0.0164112537214026,0.0012925623987461588,0.0016897851177448168,0.009098825094968734,0.006761558249210929,0.0013033041049971266,0.007560853352284167,1466110000110
0.05430853744471921,-0.08866390708469792,-0.07542804219496388,-0.07657367028651448,-0.11991959361858302,0.0001380741722463392,-0.0024809321277701004,-0.0009304924484088843,8.941697107746711e-05,-0.0016503897590942841,0.00021264444106780053,5.964478257094839e-05,6.052194305747118e-05,-0.0010827314782247105,-0.00024122496273182152,-0.0020747713494745383,-0.0009707431942398852,-0.017347521817133806,0.00037963945369196386,-0.0027025781112134106,-0.0004503592192778341,0.0006886414003591202,6.072096865583075e-05,0.003608317952816772,14689000003384
-0.004297505069300653,-0.0822537784246259,-0.0742493681910402,-0.05505662892730786,-0.09828708048418737,0.0008816393343697518,0.003963114437870914,-0.0021735635154932547,-0.00015191103784997464,-0.003111117885706759,-0.00019831476191471171,0.00010407909256825644,5.6416479412600726e-05,-0.0016453139863652324,-0.00011084877479152351,0.004803927628821178,-0.000150454034225363,-0.01711117681615921,0.0018400724135989135,0.00024071159953168822,0.014717634876554251,0.002205428523097404,-0.0004054290130558035,0.0034786684141331742,14858000008544
0.14792070500510063,-0.031558695313325245,0.015278826120089822,0.06293362525567577,0.3111617169282463,-0.0021510575992706045,-0.005603441924382693,0.0036109648930337216,0.0002576703153337548,0.0009331906014583569,0.0009295781582782961,0.0003833547507197502,8.723015443670254e-05,-0.0006594724250763013,2.7580479066370927e-05,0.008314443898425915,0.00032974583437098213,-0.02368429621429077,0.002524097774274432,-0.0009846321684931073,0.0074591010624025424,-0.001574728519168719,0.002089148085291824,0.0027312133924033027,14986000010403
-0.007280323236200002,0.2226520270075094,0.2561142205246216,0.02824179653511822,-0.029811211081572996,-0.005981584051842252,0.000546324811433381,-0.000521357560499292,-0.0022496794976360566,-0.0016683925163523004,0.00019731524252623173,0.00023003545942247607,6.930382476740727e-05,-0.00038291889694289343,0.002821283554557258,0.016277929889629533,-0.004351987579465789,-0.004350639953129882,0.001974558523322387,0.004717268661479879,0.008641229416863062,0.01654397075547429,9.706089829258414e-05,0.017396304479891146,15325000004691
0.09144570847803858,0.08030339312313807,0.033178539676274564,0.05187115535562362,0.2736847808301823,0.0016781102972529146,0.0005856130474047119,0.0032393424264787916,0.0019527723334761742,-4.1998062877231464e-05,0.0008902236432888057,0.0005831992128298727,0.0006261313871469312,0.00026751278904466573,0.004965501161192656,-0.00108587827849096,-0.004715899005356417,0.10252637698145681,-0.0012622546017420702,-0.004439470659006465,0.00018855542891296154,-0.005457367374158734,0.0018576666047566417,0.00874748708306651,1542330000127
-0.004384864758139796,0.1400147328189445,0.1560929529777827,0.055807732254320966,0.19451800909027864,0.0068697954470981985,0.00814084711982817,0.0005488640071333788,-0.0007876889352820596,-0.0003469110808391311,0.00045133418566468877,0.0003863210316662982,0.000154044906222271,6.434131715840513e-05,0.002585139841391739,0.008001879162002108,0.0005658862305804116,0.06967470027134211,0.0028821474044746134,0.0025587513041863672,0.0008442324460813429,0.012066979342207495,0.010595209800184115,-0.0015485676396861598,15450000002168
-0.03699200352808171,-0.07348044828861582,-0.05541072028227975,0.025138381341993202,-0.08016429473377557,0.005964881209012418,-0.009807733237035477,0.001933261724832127,0.00021213402618759669,0.022151901231462434,-4.438692783916941e-06,0.00012263532705024865,0.0003710786002424194,-0.0012022909158166794,0.0032837550411093487,-0.004787324925617672,0.001530060142413754,-0.03915821469039866,-0.0017873085968622001,-0.011299561187553445,7.831422157777938e-05,0.010763415946803818,0.015261010398535984,-0.0044728167097505805,15568000007092
0.040459041321387224,0.12033245625119351,0.1443568656225084,0.060167113517710126,0.18077864946516964,0.011037407443086731,0.0154949571228585,0.0012358283250530318,-0.000290556100671871,-0.0003431094246025465,0.0005445468631671785,0.0007368777447536817,0.0004020875086317469,-0.00025756102908541795,0.0009999670593285406,0.0005754341703893346,0.0008864160985527292,0.0682629937154815,3.231953992926601e-05,0.002837783243160013,-0.00011775823485702184,0.010446861149225821,0.01215326239723421,-0.001642681891670318,15580000003533
0.0371016312681081,0.12565919577098777,0.13870684541412587,0.06380690117322393,0.18440859906843882,0.001089528141560733,-0.0003325105681838987,-0.0008356204448700053,0.0015760695164684683,0.014475611147596436,0.004920243763898296,0.00040872370733546456,0.0005606934055584822,-4.711452364524942e-05,0.001500252099375641,-0.0023917089024290744,7.614493611112185e-05,0.06602497465446866,0.0010151953571638091,0.0026222419184591533,0.0006584117148746516,0.010235714466093851,0.013698241081619851,-0.0008490622884066407,15709000011171
0.1158065015574768,0.00936597885612968,0.024168890935877197,0.05898649752532579,0.27607524886434814,0.0013397784288700942,0.0025902663716718525,0.0029296641173055965,-0.00022745298302598554,-0.0009104258076889595,0.0016522761831263013,0.0002583630523266392,0.0005925299483067359,-0.0004861142662514959,-0.0038855830975583184,-0.004394829857828404,-0.0018461648789938237,0.09240795060774563,-0.0011248480166368697,-0.024655767629372383,-0.0014930984334878,0.012878890565932923,0.012972168589811291,-0.002244852088810179,15763000002106
-0.0007125980689993974,0.17767448974277847,0.18334273947817611,0.08431144345529279,0.20854755033195427,0.0010253559754329884,0.004943475871414215,0.0019696556852195446,-8.650545466090266e-05,0.00173099265450755,0.001617444005834272,0.00015764413632538625,0.0001037673783370599,-0.0004532612976957342,-0.0066281208154027734,-0.0068726787242288515,-0.0009567705329166922,-0.01759525907134554,0.0018763223639364796,0.0005664751007556355,0.0007096158624097961,0.010764356571645694,0.014362880560752337,-0.0029764799982553727,1576550000662
-0.015146707816939088,0.14154889651691852,0.0016103749977756493,0.05018087718637892,0.2529869440880314,-0.011387253046072883,-0.011404397437213987,0.002450297824881533,0.0008066481053411458,0.022803360888002645,-0.0029887447355151824,3.725979007698792e-05,0.00039229050139204675,0.00017124113608452276,0.008901216138895472,0.014799457527690225,0.0018766666526292253,0.0913620326386303,-0.0010114581742095548,0.0042372976381481655,0.00828009993638885,-0.0004899926838515728,0.0034096079725930714,0.009829852898544647,1576990000294
-0.005936091522484003,0.13613280031107264,0.16298661097635697,0.053686407993306685,0.1931388516325386,0.008672408868439533,0.008093509136538366,0.0008011926124382192,-0.00025802437418687553,1.3728596696671648e-05,0.0005248488978534952,0.0003223443656461583,0.00041260883149114446,-0.0003076843679402335,-0.00039431318732805533,-0.005906022746321189,0.00018205837464809504,0.07646899206446982,-0.00018960216847392665,0.003736951037188163,0.000704315119862823,0.011484403685056153,0.011747090081774556,-0.004528182340709297,1630220001242
8.562781940948169e-05,0.24142734968877527,0.24491450051737196,0.07788555559446515,0.029162539117765975,0.0011464149989590035,-4.242150988448901e-05,0.012071615691363656,0.014140410333544729,0.027323352087943842,0.0014058769595452726,0.00019689085533270735,8.885246799611351e-05,-0.0003268472375717946,0.0045348309852877135,0.0008421167665742703,0.0033031865053752144,-0.01609900523369382,0.003165753041147618,-0.004180459157240902,0.0007344138180414226,4.989117264642541e-05,0.0031350129521476025,0.008123743642631399,16667000004732
-0.0440851977408421,-0.05961951098519944,-0.0384914684858134,0.011934449426721377,-0.10844020658203643,0.02300176727995322,0.06229078063520171,-0.0026622230440730044,-0.0012931553120016591,-0.0020382720442824174,-0.0003372846293384448,0.00010028427547782849,6.881697387444711e-05,-0.0016915606444936487,0.0014301102631454298,0.014067203804262839,-0.002161662154390647,-0.03260281147240015,0.005415647681523621,0.0027844866437802427,0.003954674656562888,0.003921636097148202,-0.005728440168484535,-0.00022886259636147708,16817000014163
-0.0003053442751552713,0.1868884570788346,0.1752148567274479,0.07810181934597879,0.2110316909972685,-0.000421288416197974,0.003371661106242165,0.0017626028696368708,-0.0003438141263338341,0.0013430758171513017,0.003527949191392465,0.0003332396511311022,0.00014460935226539987,-0.00034419299723023415,0.0013838990585634408,-0.0011306891276185896,-0.00023388376426952313,-0.016849014747377454,2.0590381113558837e-05,-0.00644378188023026,-0.0049350980718436575,0.009934199386154783,0.011773476376942675,-0.004735818055932391,17036000005435
0.0014933590235938453,0.1835406162453591,0.2103528647957587,0.06951754273751812,0.1824537360898588,0.0011892753210048159,-0.0007621529012119572,0.0005401439840206864,-0.00035849284948938885,0.026532944194173742,-0.0010675714634717647,0.0001750779632677844,0.00011690941168693877,-0.00032331655112052837,0.002123694156818285,-0.0020394410408701865,-1.9507440318098648e-05,-0.017896092132495968,0.0020114465629091616,-0.00037031272608114803,0.002809891948675619,-0.0042360378962371156,0.0016843333676107247,0.011620291076974175,1714770000008
0.09408271897176454,0.09151093255245901,0.030400520847071916,0.05375800107456964,0.2602376494971632,0.0011564091232388,0.001023442937526961,0.00254224668050184,-0.00032048964203375876,-0.00015035689197350518,0.002110545298713646,0.000562793384108202,0.0007203368877551847,-0.0002703237015188018,0.001872777150137087,-0.0028198592138090955,-0.0010301019067282973,0.09591714107534727,-0.0001301371760566964,1.2341148017638229e-05,0.0008687096870622351,0.018423503259089428,0.011445203135577262,-0.0028348023000494926,17871000000043
-0.00858601368793005,-0.08190240109750137,-0.08240952219530624,-0.05628814363451406,-0.11163936308084348,0.0034237614123714725,0.002201398156398012,0.002468601359128516,-0.0017831495875535411,0.015358151388838061,0.0011970459396919,0.00011598535375640994,3.8382988352307026e-05,-0.0016022037950635067,0.0006155779062029349,0.017147045023337464,0.0010603641556876302,-0.020378627360030797,0.0016144486389163897,-0.00047360243024637845,0.016675681966659014,-0.003434715328963664,-0.000831006548088096,0.0036681730013019293,17920000003360
0.0005459592177943784,0.15450652958889083,0.179986429803817,0.07131020052108196,0.20878758132093295,-0.003398590290231653,0.00529856475599585,0.0019432189417663151,-0.00046305633334483616,0.0016680867630014414,0.0033597866575788143,0.00022066272006387316,0.00011348355358024849,-0.00035413506892434545,0.001852373397562944,0.01899936974578932,0.0026737541451929783,-0.014212084005900735,0.0026382649000769795,0.003640147459577105,0.0027750621391099133,0.014057058808136982,-0.0011480663310521673,0.006788599467438125,17922000007740
0.08157910473208264,0.10790297845758244,0.029258294613664474,0.0551816265184824,0.25643945258636497,0.0019708886022958795,0.0015371592952082354,0.0028940957994639097,-0.0004872807118658523,-0.0006494743581052364,0.002535853832918183,0.0005589663008256677,0.0005866166510859803,-0.0002711476141630423,0.0027699025859728617,-0.004554931718523717,0.0021945927052860366,0.09688295975883666,-0.000513294832089396,0.0033650155713059082,0.0019548049738218843,0.013587407692475559,0.012959985676855955,0.0014056247581517877,18052000000806
0.10478927198805733,0.00010772347899139849,0.0344135669165638,0.06104185019441975,0.24983288196825562,-0.0017973480011004355,6.290407342050184e-05,0.009574310448226766,0.0001423686666456287,0.008905240751618651,0.014091913035892755,0.000508476256705125,0.00041192044490752556,-0.0005061586955517471,0.00610736315238891,0.001771135431515149,-0.005774252266120404,0.06739619399890076,0.002028914231789394,-0.012599290338008313,-0.00037040769232616635,0.015881793315696686,0.016772376872291914,0.00012978697808667652,18273000001671
-0.04104918092370276,-0.06181632406396468,-0.04459887201565906,0.01156734773156075,-0.07819974253997532,0.0015233228903026445,-0.007729993228707732,0.0328972444533679,0.002962977464470899,0.02421291628840219,0.0013181852960170606,0.0001192494059252919,9.184062447325143e-05,-0.0012997318760174983,0.003232591180121716,-0.002561212252607619,0.001641828155276473,-0.02449841061020003,-0.000242124511887506,-0.006083400841500587,-0.0039914547634658645,0.005557926057322293,0.001522522299826301,0.0011783643252228375,18498000000036
-0.003991265158901791,0.13775307222423155,0.14976843405213086,0.06476448677265546,0.1917524528526766,0.0006016125144935027,-0.0012723466904529508,-0.0006777114035605619,-0.00047722367440151167,0.012432343167995248,-0.001269316404074167,0.00038598367025922606,0.0004552330074905551,-0.0002694023361128977,-0.0028901465643794565,-0.004032435933448711,0.0004944435589736726,0.07459153663139516,-0.0019928329257061467,0.002571681139068568,0.0011124462373682147,0.013125377035657722,0.013694790176682296,-0.0009943910244872161,18532000006580
0.052831070052628264,-0.08056250566903356,-0.07884335477933672,-0.07449536782936536,-0.13431072700744862,-0.0007383435057699057,-0.0026646583397555946,-0.0006417560390569247,-0.00047362818999035274,-0.001729186054983408,0.0001801127653518092,5.7997186877409943e-05,6.16908270855892e-05,-0.001091041508261127,0.001854788816748537,-0.0027483717155521335,-0.0003040866663597721,-0.024679980329541513,0.0038776478386205715,0.0014018960502551123,0.0006593307827148231,0.00633457734964049,0.006008241209061282,0.0011048566334053132,18614000002715
-0.012415710625387922,0.2294779062627123,0.27394298775977033,0.054559306113695916,0.0034311904253607126,-0.006278203921395357,0.004052216011008935,-0.0015222045522383365,-0.002653832202655599,-0.003335409125469077,0.0005008738811816067,0.00025230959072414396,7.649052350468973e-05,-0.0003903397086851108,-0.002718621184758161,0.010262955246151844,-0.0024719755694900636,-0.02037196161762556,-0.0006189736147805573,0.00019979645921197693,0.0017809820004273706,0.003848147590109811,0.0050164845819721,0.02113145422125477,18704000006883
-0.0038258804923052775,0.11237349561529926,0.2903767355446112,0.04014316654413933,-0.04289565575583368,-0.0061742020198969835,0.0003901683058685315,0.004015008649109588,0.02112550489845759,0.03316414686070689,0.0010234883883745998,0.00013140331183015096,0.00022146167513144874,-0.0005974204314048814,0.0006887312417022927,-0.008020229132521107,-0.0008077595815623361,-0.018567201717812648,-0.002779210067125586,0.009221509161475638,-0.0010799988175787677,0.005990247990767385,0.01047741257991461,-0.006124768492460304,1900330000108
-0.0145834487876149,0.003949667234639833,0.0036850642601398576,0.052562677496809554,0.3653578757427999,0.0012194531460156838,0.0013876855272753114,0.0024235735431091176,-0.0007342629093403563,0.0028693917230351203,0.0012267990227903729,0.00046543975787398384,0.0002687288610822894,-0.0006587919670342654,0.003592166201955048,0.0013398858305409501,0.008477152757609309,0.08311844965907256,0.0011553539471393164,0.01797809045055724,0.009140365814790488,0.011619616829223389,0.022455655329996722,0.005105945738801316,1903770000636
-0.002175872883748836,0.23956230606643797,0.2962340037778361,0.034365329122716164,-0.0183907688446976,0.0038379903087376456,-0.0024767055821368913,-0.0007143694330583077,-0.0007778473609042376,-0.0018193640354666218,0.0013987740781900733,0.00012055509125415557,8.915058189192692e-05,-0.0004998967396024337,0.005616065456796718,-0.00020104217631089036,0.0020667522146847637,-0.012186189434689706,-0.0025949246474367667,-0.00204235436478134,-0.0023195397243517568,0.00018647311385859913,-0.0010239710580993936,0.013001315017481302,1906440001208
-0.004904810613680948,0.20052729040726125,0.24390350122929913,0.06853451014025612,0.017954112679787606,-0.00044067995464798596,0.014493912714262201,0.001170824445196323,0.00306250093697345,0.03162897097112303,-0.00387595260940178,0.00029555982051313653,8.972516973562013e-05,-0.0003226997185666793,0.004762246875725004,0.015336338854756984,0.002774447724080972,-0.020133291438046843,0.0034114286480704053,0.0020966103497576417,0.008765526776271931,0.016696203327542312,0.0020261896015769487,0.017903402206755056,19316000000476
-0.007775892024648236,-0.08421856986128949,-0.06668843195004809,-0.04927698397587398,-0.10354723989146655,-7.220603906783056e-05,-0.0036173229712067666,0.0021666395247690426,-0.0018494486578787541,0.011842957533879454,-0.0007601186309235114,6.817818166109239e-05,6.469995967384003e-05,-0.001243282563925044,-0.0018061101012889931,-0.005421228520939936,-0.00041525340312947997,-0.01834000735305938,-0.00016008806624978868,-0.000928850597913426,0.0009381866623303986,0.005541872278078361,0.007260591968781496,-0.002672889622330233,19460000001994
0.11700740271121036,0.04563940251981036,0.039805973945291666,0.05974199112522808,0.3259595741072572,-0.00024920419855481787,0.008022735021955016,0.0004677259185958621,-0.0004974271137771336,0.00194489358160768,0.0014037669609260096,0.00015648283220130735,8.826181882214575e-05,-0.0006738074127467173,0.003471639933593643,0.0007475637769060033,0.007133222964237092,-0.023565609007290003,0.003257399448601086,0.005890771671976342,0.006848602257694876,0.01326890321714223,0.01837868193470681,0.003173587195872515,19567000000899
-0.04099854999062218,-0.06598578867381191,-0.05388145844407504,0.026552782253080883,-0.11136592488355572,-0.001995796142886678,-0.008050347393035857,-0.0034088490789341195,-0.000986959700123908,-0.004416811482688888,-0.0013207472928234078,9.335901943925999e-05,0.00016598742180492425,-0.0015074340298312126,0.0044045196954015636,-0.00376687034838657,0.0005322645558335583,-0.04487693616396279,-0.0045245117119545675,0.015935036829677854,-0.0013973585182979068,0.01022724914040661,0.011789852916931144,0.004039160567016049,19684000005447
0.04109845550394647,0.12021503987578253,0.1461809714339673,0.05864404719321391,0.1726651285992395,0.007593708182743958,0.016213841943159304,0.0012344101713262702,-0.0003821995085190155,0.009451305071584624,0.004753176270109753,0.0007487912013551634,0.0004189691754836498,-0.00029015321703791517,-0.0024195801756817944,-0.0009233870010662998,-0.002094087883548642,0.062014211775889456,0.0010836829080315045,-0.00041667247982243866,-0.0004492812479520468,0.008175508100161877,0.011362406686335312,-0.002455757367434596,19860000002055
0.04282053192058816,0.11809863081931722,0.14500987153291683,0.06309735783037441,0.18646070989516483,0.001880769803127674,0.005108113929428446,0.0011244856912353317,-0.00037025873349491297,-0.0002681962463063325,0.000675870451800351,0.00034406423339631274,0.00040123338215999535,-0.0002603111697687917,0.0013364520451994188,-0.003897472917140231,0.0016029012265015533,0.07407531047571508,0.002241114691189297,0.002427835550919309,0.0016738228018006868,0.010120131953513729,0.013900798609212252,5.6862672512045434e-05,19860000002099
-0.04227994406200779,-0.07602762746135208,-0.017108802233249933,0.013164780628688262,-0.0721078508235294,0.0019603084097322226,-0.0077490587043175475,-0.0025177806808118625,-0.0001350815631446105,-0.004227561982298881,-0.0007150157048421049,0.0001206084517792185,7.354315865935543e-05,-0.0013921214831542211,0.001948930873545838,0.00040067094628085163,0.0047562811074994705,-0.03590912802877274,-0.005220601148354468,0.0038846123938544156,-3.811392218007588e-05,-0.002361800371595632,-0.002000291575713022,0.006403578986552357,19883000001195
0.0925955334107273,0.0426581753475919,0.030080978508293464,0.0561244638406211,0.2858048727151218,0.0015800634817379232,-0.0009241602957778191,0.00201978601124575,-0.0002757539114050476,0.0001719790374917753,0.0018570206757182095,0.0005066292852325026,0.0006156064265925816,-0.00024176768898533633,0.0009632206632386229,-0.0008413627857346747,0.004194811022381458,0.08178961983108521,0.0038889675393616254,0.005825518750615399,0.002667916627803461,0.013909523026846443,0.018192692790599124,0.0025915342341979214,19963000003190
